{"name": "Playthroughs", "version": "0.1", "location": {"callable": {"ReflectSlotChanges": ["game/overridescreen-fileslots.rpy", 211], "Playthrough.__init__": ["game/overridescreen-fileslots.rpy", 104], "MakePtLast": ["game/overridescreen-fileslots.rpy", 201], "AwaitUserInput": ["game/overridescreen-fileslots.rpy", 244], "ResetPtVars": ["game/overridescreen-fileslots.rpy", 194], "Playthrough.GetSlots": ["game/overridescreen-fileslots.rpy", 117], "DeletePlaythrough": ["game/overridescreen-fileslots.rpy", 230], "Playthrough.SortSlots": ["game/overridescreen-fileslots.rpy", 142]}, "screen": {"load": ["game/screens.rpy", 593], "ccframe": ["game/overridescreen-fileslots.rpy", 771], "help": ["game/screens.rpy", 972], "querynumber": ["game/overridescreen-fileslots.rpy", 836], "say": ["game/screens.rpy", 98], "notify": ["game/screens.rpy", 1256], "keyboard_help": ["game/screens.rpy", 1001], "gamepad_help": ["game/screens.rpy", 1071], "preferences": ["game/screens.rpy", 715], "confirm": ["game/screens.rpy", 1137], "queryframe": ["game/overridescreen-fileslots.rpy", 758], "mouse_help": ["game/screens.rpy", 1048], "input": ["game/screens.rpy", 174], "save": ["game/screens.rpy", 586], "skip_indicator": ["game/screens.rpy", 1200], "file_slots": ["game/overridescreen-fileslots.rpy", 323], "choice": ["game/screens.rpy", 207], "game_menu": ["game/screens.rpy", 420], "main_menu": ["game/screens.rpy", 355], "nvl": ["game/screens.rpy", 1295], "quick_menu": ["game/screens.rpy", 1417], "about": ["game/screens.rpy", 546], "querystring": ["game/overridescreen-fileslots.rpy", 800], "nvl_dialogue": ["game/screens.rpy", 1327], "navigation": ["game/screens.rpy", 292], "history": ["game/screens.rpy", 882]}, "define": {"gui.accent_color": ["game/gui.rpy", 15], "gui.interface_text_size": ["game/gui.rpy", 36], "build.name": ["game/options.rpy", 40], "gui.bar_tile": ["game/gui.rpy", 139], "gui.nvl_thought_xpos": ["game/gui.rpy", 177], "gui.slot_button_text_idle_color": ["game/gui.rpy", 106], "config.history_length": ["game/gui.rpy", 152], "config.after_load_transition": ["game/overridescreen-fileslots.rpy", 69], "gui.page_spacing": ["game/gui.rpy", 124], "gui.page_button_borders": ["game/gui.rpy", 81], "gui.idle_color": ["game/gui.rpy", 17], "me666": ["game/script.rpy", 1], "config.window": ["game/options.rpy", 108], "gui.slider_tile": ["game/gui.rpy", 141], "gui.notify_ypos": ["game/gui.rpy", 119], "gui.nvl_button_xalign": ["game/gui.rpy", 182], "enable_versioning": ["game/overridescreen-fileslots.rpy", 74], "gui.nvl_text_ypos": ["game/gui.rpy", 173], "gui.frame_borders": ["game/gui.rpy", 129], "gui.nvl_list_length": ["game/gui.rpy", 165], "gui.slot_button_borders": ["game/gui.rpy", 103], "gui.choice_button_text_outlines": ["game/gui.rpy", 95], "viewingptname": ["game/overridescreen-fileslots.rpy", 59], "gui.scrollbar_borders": ["game/gui.rpy", 143], "config.enter_transition": ["game/options.rpy", 75], "gui.pref_spacing": ["game/gui.rpy", 122], "gui.dialogue_text_xalign": ["game/gui.rpy", 62], "gui.nvl_text_xpos": ["game/gui.rpy", 172], "config.window_icon": ["game/options.rpy", 152], "viewingpt": ["game/overridescreen-fileslots.rpy", 60], "gui.muted_color": ["game/gui.rpy", 22], "gui.dialogue_ypos": ["game/gui.rpy", 60], "config.has_sound": ["game/options.rpy", 48], "gui.button_text_font": ["game/gui.rpy", 71], "gui.nvl_name_ypos": ["game/gui.rpy", 169], "gui.game_menu_background": ["game/gui.rpy", 45], "gui.choice_button_text_hover_color": ["game/gui.rpy", 97], "gui.nvl_button_xpos": ["game/gui.rpy", 181], "gui.name_xalign": ["game/gui.rpy", 52], "gui.namebox_borders": ["game/gui.rpy", 56], "gui.frame_tile": ["game/gui.rpy", 133], "gui.nvl_text_xalign": ["game/gui.rpy", 175], "gui.vbar_borders": ["game/gui.rpy", 145], "config.end_game_transition": ["game/options.rpy", 91], "gui.slot_button_text_size": ["game/gui.rpy", 104], "gui.dialogue_xpos": ["game/gui.rpy", 59], "gui.namebox_height": ["game/gui.rpy", 54], "slotbackground": ["game/overridescreen-fileslots.rpy", 88], "gui.main_menu_text_xalign": ["game/gui.rpy", 126], "config.version": ["game/options.rpy", 26], "gui.history_text_width": ["game/gui.rpy", 160], "gui.radio_button_borders": ["game/gui.rpy", 78], "gui.button_text_size": ["game/gui.rpy", 72], "config.window_hide_transition": ["game/options.rpy", 114], "gui.about": ["game/options.rpy", 32], "config.gl2": ["game/gui.rpy", 11], "gui.vslider_borders": ["game/gui.rpy", 147], "gui.navigation_spacing": ["game/gui.rpy", 121], "gui.choice_button_borders": ["game/gui.rpy", 90], "config.intra_transition": ["game/options.rpy", 81], "gui.slot_button_width": ["game/gui.rpy", 101], "gui.choice_button_text_xalign": ["game/gui.rpy", 93], "gui.show_name": ["game/options.rpy", 21], "gui.slot_button_text_selected_hover_color": ["game/gui.rpy", 108], "gui.title_text_size": ["game/gui.rpy", 39], "gui.slot_button_text_selected_idle_color": ["game/gui.rpy", 107], "gui.button_text_idle_color": ["game/gui.rpy", 73], "gui.notify_frame_borders": ["game/gui.rpy", 132], "gui.navigation_xpos": ["game/gui.rpy", 117], "gui.slot_button_height": ["game/gui.rpy", 102], "gui.history_text_ypos": ["game/gui.rpy", 159], "config.nvl_list_length": ["game/screens.rpy", 1348], "gui.notify_text_size": ["game/gui.rpy", 38], "config.has_voice": ["game/options.rpy", 50], "gui.selected_color": ["game/gui.rpy", 20], "gui.history_text_xpos": ["game/gui.rpy", 158], "gui.skip_frame_borders": ["game/gui.rpy", 131], "gui.confirm_button_text_xalign": ["game/gui.rpy", 80], "gui.text_font": ["game/gui.rpy", 31], "gui.history_name_xpos": ["game/gui.rpy", 154], "gui.main_menu_background": ["game/gui.rpy", 44], "gui.button_width": ["game/gui.rpy", 65], "gui.button_text_selected_color": ["game/gui.rpy", 75], "gui.nvl_thought_ypos": ["game/gui.rpy", 178], "config.save_directory": ["game/options.rpy", 145], "gui.skip_ypos": ["game/gui.rpy", 118], "gui.namebox_tile": ["game/gui.rpy", 58], "gui.nvl_text_width": ["game/gui.rpy", 174], "gui.hover_color": ["game/gui.rpy", 19], "gui.interface_text_color": ["game/gui.rpy", 27], "config.thumbnail_width": ["game/gui.rpy", 110], "gui.idle_small_color": ["game/gui.rpy", 18], "config.has_autosave": ["game/overridescreen-fileslots.rpy", 94], "config.has_quicksave": ["game/overridescreen-fileslots.rpy", 95], "config.exit_transition": ["game/overridescreen-fileslots.rpy", 70], "gui.button_text_xalign": ["game/gui.rpy", 77], "gui.name_xpos": ["game/gui.rpy", 50], "gui.name_text_size": ["game/gui.rpy", 35], "gui.history_text_xalign": ["game/gui.rpy", 161], "targetaction": ["game/overridescreen-fileslots.rpy", 62], "gui.file_slot_rows": ["game/gui.rpy", 114], "gui.button_text_insensitive_color": ["game/gui.rpy", 76], "gui.hover_muted_color": ["game/gui.rpy", 23], "gui.scrollbar_size": ["game/gui.rpy", 137], "gui.quick_button_text_selected_color": ["game/gui.rpy", 85], "gui.nvl_thought_width": ["game/gui.rpy", 179], "gui.history_height": ["game/gui.rpy", 153], "gui.text_size": ["game/gui.rpy", 34], "gui.unscrollable": ["game/gui.rpy", 149], "gui.choice_button_text_font": ["game/gui.rpy", 91], "gui.slot_spacing": ["game/gui.rpy", 125], "lastpage": ["game/overridescreen-fileslots.rpy", 58], "gui.quick_button_text_idle_color": ["game/gui.rpy", 84], "config.window_show_transition": ["game/options.rpy", 113], "config.narrator_menu": ["game/screens.rpy", 217], "gui.nvl_height": ["game/gui.rpy", 166], "gui.choice_button_height": ["game/gui.rpy", 88], "gui.nvl_spacing": ["game/gui.rpy", 167], "quick_menu": ["game/screens.rpy", 271], "gui.insensitive_color": ["game/gui.rpy", 21], "gui.bar_borders": ["game/gui.rpy", 142], "gui.dialogue_width": ["game/gui.rpy", 61], "gui.scrollbar_tile": ["game/gui.rpy", 140], "gui.quick_button_text_size": ["game/gui.rpy", 83], "gui.choice_button_text_yalign": ["game/gui.rpy", 94], "config.has_music": ["game/options.rpy", 49], "gui.textbox_height": ["game/gui.rpy", 48], "gui.file_slot_cols": ["game/gui.rpy", 113], "gui.text_color": ["game/gui.rpy", 25], "gui.history_name_xalign": ["game/gui.rpy", 157], "config.name": ["game/options.rpy", 15], "enable_locking": ["game/overridescreen-fileslots.rpy", 80], "gui.button_text_hover_color": ["game/gui.rpy", 74], "gui.textbox_yalign": ["game/gui.rpy", 49], "gui.nvl_name_width": ["game/gui.rpy", 170], "gui.choice_button_text_idle_color": ["game/gui.rpy", 96], "gui.button_borders": ["game/gui.rpy", 67], "gui.button_tile": ["game/gui.rpy", 69], "gui.choice_button_tile": ["game/gui.rpy", 89], "gui.history_name_width": ["game/gui.rpy", 156], "gui.language": ["game/gui.rpy", 186], "userinput": ["game/overridescreen-fileslots.rpy", 61], "gui.nvl_name_xalign": ["game/gui.rpy", 171], "gui.label_text_size": ["game/gui.rpy", 37], "enable_sorting": ["game/overridescreen-fileslots.rpy", 83], "gui.nvl_thought_xalign": ["game/gui.rpy", 180], "gui.namebox_width": ["game/gui.rpy", 53], "gui.choice_button_text_insensitive_color": ["game/gui.rpy", 98], "gui.slider_borders": ["game/gui.rpy", 144], "gui.history_allow_tags": ["game/screens.rpy", 922], "gui.name_text_font": ["game/gui.rpy", 32], "gui.name_ypos": ["game/gui.rpy", 51], "gui.nvl_borders": ["game/gui.rpy", 164], "enable_animation": ["game/overridescreen-fileslots.rpy", 85], "gui.pref_button_spacing": ["game/gui.rpy", 123], "config.thumbnail_height": ["game/gui.rpy", 111], "slotdetails": ["game/overridescreen-fileslots.rpy", 63], "gui.bar_size": ["game/gui.rpy", 136], "gui.choice_button_width": ["game/gui.rpy", 87], "gui.interface_text_font": ["game/gui.rpy", 33], "enable_renaming": ["game/overridescreen-fileslots.rpy", 77], "gui.history_name_ypos": ["game/gui.rpy", 155], "gui.slot_button_text_xalign": ["game/gui.rpy", 105], "gui.nvl_name_xpos": ["game/gui.rpy", 168], "gui.confirm_frame_borders": ["game/gui.rpy", 130], "gui.slider_size": ["game/gui.rpy", 138], "gui.button_height": ["game/gui.rpy", 66], "gui.check_button_borders": ["game/gui.rpy", 79], "gui.choice_spacing": ["game/gui.rpy", 120], "gui.quick_button_borders": ["game/gui.rpy", 82], "gui.choice_button_text_size": ["game/gui.rpy", 92], "gui.vscrollbar_borders": ["game/gui.rpy", 146]}, "transform": {"delayed_blink": ["game/screens.rpy", 1218], "notify_appear": ["game/screens.rpy", 1267], "HoverSpin": ["game/overridescreen-fileslots.rpy", 310]}, "label": {"start": ["game/script.rpy", 3]}}, "error": false, "size": [1920, 1080], "build": {"documentation_patterns": ["*.html", "*.txt"], "directory_name": "Playthroughs-0.1", "display_name": "Playthroughs", "mac_info_plist": {}, "script_version": true, "include_i686": true, "destination": "Playthroughs-0.1-dists", "renpy": false, "allow_integrated_gpu": true, "include_update": false, "merge": [["linux_i686", "linux"], ["windows_i686", "windows"]], "base_patterns": [["*.py", null], ["*.sh", null], ["*.app/", null], ["*.dll", null], ["*.manifest", null], ["lib/", null], ["renpy/", null], ["update/", null], ["common/", null], ["update/", null], ["old-game/", null], ["icon.ico", null], ["icon.icns", null], ["project.json", null], ["log.txt", null], ["errors.txt", null], ["traceback.txt", null], ["image_cache.txt", null], ["text_overflow.txt", null], ["dialogue.txt", null], ["dialogue.tab", null], ["profile_screen.txt", null], ["files.txt", null], ["memory.txt", null], ["tmp/", null], ["game/saves/", null], ["game/bytecode.rpyb", null], ["archived/", null], ["launcherinfo.py", null], ["android.txt", null], ["game/presplash*.*", ["all"]], [".android.json", ["android"]], ["android-*.png", ["android"]], ["android-*.jpg", ["android"]], ["ouya_icon.png", null], ["ios-presplash.*", ["ios"]], ["ios-launchimage.png", null], ["ios-icon.png", null], ["web-presplash.png", ["web"]], ["web-presplash.jpg", ["web"]], ["web-presplash.webp", ["web"]], ["progressive_download.txt", ["web"]], ["steam_appid.txt", null], ["**~", null], ["**.bak", null], ["**/.**", null], ["**/#**", null], ["**/thumbs.db", null], [".*", null], ["**", ["all"]]], "version": "0.1", "change_icon_i686": true, "archives": [["archive", ["all"]]], "xbit_patterns": ["**.sh", "lib/linux-*/*", "lib/mac-*/*", "**.app/Contents/MacOS/*"], "exclude_empty_directories": true, "renpy_patterns": [["renpy/common/_compat/**", null], ["renpy/common/_roundrect/**", null], ["renpy/common/_outline/**", null], ["renpy/common/_theme**", null], ["**~", null], ["**/#*", null], ["**/.*", null], ["**.old", null], ["**.new", null], ["**.rpa", null], ["**/*.pyc", null], ["**/steam_appid.txt", null], ["renpy.py", ["all"]], ["renpy/", ["all"]], ["renpy/**.py", ["renpy"]], ["renpy/**.pyx", ["renpy"]], ["renpy/**.pyd", ["renpy"]], ["renpy/**.pxi", ["renpy"]], ["renpy/common/", ["all"]], ["renpy/common/_compat/**", ["renpy"]], ["renpy/common/**.rpy", ["renpy"]], ["renpy/common/**.rpym", ["renpy"]], ["renpy/common/_compat/**", ["renpy"]], ["renpy/common/**", ["all"]], ["renpy/**", ["all"]], ["lib/*/renpy", null], ["lib/*/renpy.exe", null], ["lib/*/pythonw.exe", null], ["lib/windows-i686/**", ["windows_i686"]], ["lib/windows-x86_64/**", ["windows"]], ["lib/linux-i686/**", ["linux_i686"]], ["lib/linux-*/**", ["linux"]], ["lib/mac-*/**", ["mac"]], ["lib/**", ["windows", "linux", "mac", "android", "ios"]], ["renpy.sh", ["linux", "mac"]]], "packages": [{"dlc": false, "hidden": false, "description": "PC: Windows and Linux", "formats": ["zip"], "file_lists": ["windows", "linux", "renpy", "all"], "update": true, "name": "pc"}, {"dlc": false, "hidden": false, "description": "Linux", "formats": ["tar.bz2"], "file_lists": ["linux", "renpy", "all"], "update": true, "name": "linux"}, {"dlc": false, "hidden": false, "description": "Macintosh", "formats": ["app-zip", "app-dmg"], "file_lists": ["mac", "renpy", "all"], "update": true, "name": "mac"}, {"dlc": false, "hidden": false, "description": "Windows", "formats": ["zip"], "file_lists": ["windows", "renpy", "all"], "update": true, "name": "win"}, {"dlc": false, "hidden": false, "description": "Windows, Mac, Linux for Markets", "formats": ["zip"], "file_lists": ["windows", "linux", "mac", "renpy", "all"], "update": true, "name": "market"}, {"dlc": false, "hidden": true, "description": "steam", "formats": ["zip"], "file_lists": ["windows", "linux", "mac", "renpy", "all"], "update": true, "name": "steam"}, {"dlc": true, "hidden": true, "description": "android", "formats": ["directory"], "file_lists": ["android", "all"], "update": false, "name": "android"}, {"dlc": true, "hidden": true, "description": "ios", "formats": ["directory"], "file_lists": ["ios", "all"], "update": false, "name": "ios"}, {"dlc": true, "hidden": true, "description": "web", "formats": ["zip"], "file_lists": ["web", "all"], "update": false, "name": "web"}], "executable_name": "Playthroughs"}}